sourceurl,company_name,company_homepage_url
"https://theorg.com/companies/t-1","T2M IP","https://www.t-2-m.com"
"https://theorg.com/companies/t-1","T1 –ö–æ–Ω—Å–∞–ª—Ç–∏–Ω–≥","https://www.t1-consulting.ru/"
"https://theorg.com/companies/t-1","T1 Solutions",""
"https://theorg.com/companies/t-1","T2 Capital Management","http://www.t2investments.com"
"https://theorg.com/companies/t-1","T1 Technologies","https://t1tc.com/"
"https://theorg.com/companies/t-1","T2med GmbH & Co. KG","https://www.t2med.de"
"https://theorg.com/companies/t-1","T2 International","https://t2intrn.wordpress.com/"
"https://theorg.com/companies/t-1","T24","https://www.t24.com.tr"
"https://theorg.com/companies/t-1","T1Nexus","https://t1nexus.com"
"https://theorg.com/companies/t-1","T2 Tea","https://www.t2tea.com"
"https://theorg.com/companies/t-1","t2informatik GmbH","https://t2informatik.de"
"https://theorg.com/companies/t-1","T2 Modus","https://t2modus.ai/"
"https://theorg.com/companies/t-1","T2 Software","https://www.t2.com.tr/"
"https://theorg.com/companies/t-1","T2 Systems","https://www.t2systems.com"
"https://theorg.com/companies/t-1","t2√≥","https://www.t2o.com"
"https://theorg.com/companies/t-1","T1Visions","https://www.t1visions.com"
"https://theorg.com/companies/t-1","T2 Biosystems","http://t2biosystems.com"
"https://theorg.com/companies/t-1","T2L Ltd","https://www.t2l-uk.com"
"https://theorg.com/companies/t-1","T3","https://www.t3-consultants.com"
"https://theorg.com/companies/t-1","T2","https://www.t2.social"
"https://theorg.com/companies/t-1","T2STI - Software Solutions","https://www.t2sti.com.br"
"https://theorg.com/companies/t-1","T2 Operating Corporation","https://t2o-energy.com/"
"https://theorg.com/companies/t-1","T1D Fund","https://www.t1dfund.org"
"https://theorg.com/companies/t-1","T2","https://t2.sa"
"https://theorg.com/companies/t-1","T1TAN GmbH","https://t1tan.com"
"https://theorg.com/companies/t-1","T2M Works","https://www.t2mworks.com/"
"https://theorg.com/companies/t-1","T1 Group","https://t1.ru/"
"https://theorg.com/companies/t-1","T",""
"https://theorg.com/companies/t-1","T1A","https://t1a.com"
"https://theorg.com/companies/t-1","T2P Co., Ltd.",""
"https://theorg.com/companies/t-1","T2H - Ihania koteja","https://www.t2h.fi"
"https://theorg.com/companies/t-1","T-2 d.o.o.","https://www.t-2.net"
"https://theorg.com/companies/t-1","T2 GROUP LIMITED","http://www.t2group.co.uk"
"https://theorg.com/companies/t-1","T1 Entertainment & Sports","https://t1.gg"
"https://theorg.com/companies/t-1","T2 Hospitality","https://t2hospitality.com/"
"https://theorg.com/companies/t-1","T2 Utility Engineers","https://t2ue.com"
"https://theorg.com/companies/t-1","T-2 Prosjekt","https://www.t-2.no/"
"https://theorg.com/companies/t-1","T3","https://www.t-3.com/"
"https://theorg.com/companies/t-1","t1 protocol ùöùùü∑","https://t1protocol.com"
"https://theorg.com/companies/t-1","T2 Computing Inc.","https://www.t2computing.com/"
"https://theorg.com/companies/t-1","T2 Tech Group","https://www.t2techgroup.com/"
"https://theorg.com/companies/t-1","T2S Solutions","https://www.t2s-solutions.com"
"https://theorg.com/companies/t-1","T1 Energy","https://t1energy.com/"
"https://theorg.com/companies/t-1","T1D Exchange","http://t1dexchange.org"
"https://theorg.com/companies/t-1","T1V, Inc.","https://www.t1v.com/"
"https://theorg.com/companies/t-1","T1","https://www.thet1agency.com"
"https://theorg.com/companies/t-1","T2D2","https://t2d2.ai"
"https://theorg.com/companies/t-1","T2 s.r.l.","https://pcbusterwagner.it/"
"https://theorg.com/companies/t-1","T2H Advertising","https://www.t2hadvertising.com/"
"https://theorg.com/companies/t-1","T1 Media","https://t1media.co/"
"https://theorg.com/companies/t-1","t42","https://www.t42.co.uk"
"https://theorg.com/companies/t-1","T3 CAPITAL SA, L.P.","https://www.t3cp.com/"
"https://theorg.com/companies/t-1","T35 Hosting","https://www.t35hosting.com"
"https://theorg.com/companies/t-1","T40 Technologies","https://myt40.com"
"https://theorg.com/companies/t-1","T3 Pharmaceuticals","http://www.t3pharma.com"
"https://theorg.com/companies/t-1","T3 Web Services","https://t3webservices.com/"
"https://theorg.com/companies/t-1","T3Voicenet","http://www.t3voicenet.com"
"https://theorg.com/companies/t-1","T3 MOTION","https://www.t3motion.com"
"https://theorg.com/companies/t-1","T3 Technologies Ltd","https://www.t3t.me"
"https://theorg.com/companies/t-1","T3E","https://t3e.com"
"https://theorg.com/companies/t-1","T45 Investments Inc.","https://t45.io"
"https://theorg.com/companies/t-1","T3 Live","http://www.t3live.com"
"https://theorg.com/companies/t-1","T4 Education","https://www.t4.education"
"https://theorg.com/companies/t-1","T3K Health LLC","http://www.t3khealth.com"
"https://theorg.com/companies/t-1","T3MP3ST","https://www.t3mp3st.com"
"https://theorg.com/companies/t-1","T4S Advance","https://t4sadvance.com"
"https://theorg.com/companies/t-1","T3 SEO Internet Marketing Company","https://www.t3seo.com"
"https://theorg.com/companies/t-1","T3 Micro","https://t3micro.com"
"https://theorg.com/companies/t-1","t3rn","http://t3rn.io"
"https://theorg.com/companies/t-1","T3 Sixty","https://www.t360.com/"
"https://theorg.com/companies/t-1","T3i Partner Network","https://www.t3ipartner.network"
"https://theorg.com/companies/t-1","T45 Labs","http://www.t45labs.com"
"https://theorg.com/companies/t-1","T38Fax Incorporated","https://www.t38fax.com"
"https://theorg.com/companies/t-1","T3RA Logistics","https://t3ralogistics.com/"
"https://theorg.com/companies/t-1","T4","https://www.t4.ai"
"https://theorg.com/companies/t-1","T3W Business Solutions","https://www.t3w.com/"
"https://theorg.com/companies/t-1","T324","http://www.t324.com/"
"https://theorg.com/companies/t-1","T3 Wireless","http://connectwireless.com"
"https://theorg.com/companies/t-1","T3EX Global Holdings Corp","http://www.t3ex-group.com"
"https://theorg.com/companies/t-1","T3 Tallahassee","https://t3crew.com/"
"https://theorg.com/companies/t-1","t3 Broadband","https://t3broadband.com/"
"https://theorg.com/companies/t-1","t3n Magazin","https://t3n.de"
"https://theorg.com/companies/t-1","T3D Therapeutics","http://t3dtherapeutics.com"
"https://theorg.com/companies/t-1","T3 Telecom Software","http://www.myt3.com"
"https://theorg.com/companies/t-1","T3M","http://www.these3medical.net"
"https://theorg.com/companies/t-1","T3Networks","https://t3networksinc.com"
"https://theorg.com/companies/t-1","T3 Projects","https://www.t3projects.com"
"https://theorg.com/companies/t-1","T3 Consulting Group","http://t3consultinggroup.com"
"https://theorg.com/companies/t-1","T3 Communications","https://t3com.com/"
"https://theorg.com/companies/t-1","T4S Partners","https://t4spartners.com/"
"https://theorg.com/companies/t-1","T3 Technologies","https://t3-tek.com/"
"https://theorg.com/companies/t-1","T3 Global","https://t3global.com/"
"https://theorg.com/companies/t-1","T3 Design Corporation","https://t3design.us"
"https://theorg.com/companies/t-1","T3 Trading Group","https://www.t3trading.com/"
"https://theorg.com/companies/t-1","T3i, Inc.","https://t3iservices.com"
"https://theorg.com/companies/t-1","T4L","https://www.t4l.me"
"https://theorg.com/companies/t-1","T3C Cosmetics Chain Co., LTD","http://www.t3c.com.cn"
"https://theorg.com/companies/t-1","T3 Solutions","https://t3hassolutions.com/"
"https://theorg.com/companies/t-1","T3 Expo","https://www.t3expo.com/"
"https://theorg.com/companies/t-1","T4 Spatial","https://www.t4spatial.com/"
"https://theorg.com/companies/t-1","Taaneh","http://taaneh.com/"
"https://theorg.com/companies/t-1","Taaffeite Capital Management (TCM) LLC","https://www.taaffeitecm.com/"
"https://theorg.com/companies/t-1","TA2 Sound + Music","https://www.ta2music.com"
"https://theorg.com/companies/t-1","TA98","https://www.ta98.org"
"https://theorg.com/companies/t-1","T9L","https://www.t9l.com"
"https://theorg.com/companies/t-1","T7 Ventures","https://www.t7.ventures/"
"https://theorg.com/companies/t-1","T4 Tea For You","https://www.t4.com.tw/"
"https://theorg.com/companies/t-1","Taabl","https://www.taabl.co/"
"https://theorg.com/companies/t-1","Taallum Group, Qatar","https://www.taalumgroup.com/"
"https://theorg.com/companies/t-1","TAAL Distributed Information Technologies","https://www.taal.com"
"https://theorg.com/companies/t-1","Taaghche | ÿ∑ÿßŸÇ⁄ÜŸá","https://www.taaghche.com"
"https://theorg.com/companies/t-1","Taan Worldwide","https://taan.org"
"https://theorg.com/companies/t-1","T940",""
"https://theorg.com/companies/t-1","Ta'am Vareach Spices","https://www.tv-spices.co.il/"
"https://theorg.com/companies/t-1","T.A.","https://www.shop-ta.com"
"https://theorg.com/companies/t-1","TA Aerospace","https://www.taaerospace.com"
"https://theorg.com/companies/t-1","Taalentfy","http://www.taalentfy.com"
"https://theorg.com/companies/t-1","TAAJEERGROUP","https://td.taajeergroup.com"
"https://theorg.com/companies/t-1","Taap","http://www.taapsoft.com"
"https://theorg.com/companies/t-1","Taaeen","https://taaeen.ae"
"https://theorg.com/companies/t-1","TAAL Tech","https://www.taaltech.com"
"https://theorg.com/companies/t-1","T8 Cannabis","https://www.t8c.ca"
"https://theorg.com/companies/t-1","Taali Foods","https://www.taalifoods.com/"
"https://theorg.com/companies/t-1","Taaleem","https://www.taaleem.ae"
"https://theorg.com/companies/t-1","Ta3leem | ÿ™ÿπŸÑŸäŸÖ",""
"https://theorg.com/companies/t-1","TaAp Exchange","http://www.taapexchange.com/"
"https://theorg.com/companies/t-1","Taalia","https://www.taalia.com"
"https://theorg.com/companies/t-1","T8 LLC","https://t8.ru/"
"https://theorg.com/companies/t-1","Taal Srl","https://www.taal.it"
"https://theorg.com/companies/t-1","TAAF S.L.","https://www.taaf.es/"
"https://theorg.com/companies/t-1","TAAD LLP","https://taadllp.com/"
"https://theorg.com/companies/t-1","Taal Vista Hotel","https://www.taalvistahotel.com"
"https://theorg.com/companies/t-1","Taaleri","http://taaleri.com"
"https://theorg.com/companies/t-1","T8X","https://t8x.ro"
"https://theorg.com/companies/t-1","TAAG Genetics","http://taag-genetics.com"
"https://theorg.com/companies/t-1","T72 Club","https://t72.club/"
"https://theorg.com/companies/t-1","Taaffeite Technologies","https://www.taaffeite.co"
"https://theorg.com/companies/t-1","T60 Productions","https://www.t60productions.com/"
"https://theorg.com/companies/t-1","T5 Solutions Technology Consulting Services","https://www.t5-solutions.com/"
"https://theorg.com/companies/t-1","T7 Global Bhd","http://tanjungoffshore.com.my/"
"https://theorg.com/companies/t-1","TAAG-Linhas Aereas de Angola","https://www.taag.com/en-gb"
"https://theorg.com/companies/t-1","Ta Ann Group","http://www.taann.com.my/"
"https://theorg.com/companies/t-1","T7E Aftermarket Connect Pvt Ltd","https://www.t7e.in"
"https://theorg.com/companies/t-1","TA9","https://www.t-a9.com"
"https://theorg.com/companies/t-1","T60 Consulting","https://www.t60.com"
"https://theorg.com/companies/t-1","Taager","https://taager.com/"
"https://theorg.com/companies/t-1","T5 Data Centers","https://t5datacenters.com/"
"https://theorg.com/companies/t-1","t7berlin","https://www.t7berlin.com/"
"https://theorg.com/companies/t-1","T5 Dispatch LLC","https://t5dispatch.com/"
"https://theorg.com/companies/t-1","TA3","https://www.ta3swim.com"
"https://theorg.com/companies/t-1","Tabaknatie NV","https://www.tabaknatie.be/"
"https://theorg.com/companies/t-1","Taavura Holdings Ltd - ◊™◊¢◊ë◊ï◊®◊î ◊ê◊ó◊ñ◊ß◊ï◊™","https://www.taavura.com"
"https://theorg.com/companies/t-1","Taaskly","https://taaskly.xyz/"
"https://theorg.com/companies/t-1","TabaPay","http://tabapay.com"
"https://theorg.com/companies/t-1","Tabaterra",""
"https://theorg.com/companies/t-1","TA‚ÄôAZ Group","https://taazgroup.com/"
"https://theorg.com/companies/t-1","Taara","https://www.taaraconnect.com/"
"https://theorg.com/companies/t-1","TAB Answer Network","https://tabanswernetwork.com/"
"https://theorg.com/companies/t-1","TaashaTech Infosolutions Pvt. Ltd.","https://taasha.tech"
"https://theorg.com/companies/t-1","Tabas","https://tabas.com.br/"
"https://theorg.com/companies/t-1","TAAUS Secure Technologies","https://taaus.com"
"https://theorg.com/companies/t-1","Tabb","https://tabb.cc"
"https://theorg.com/companies/t-1","Tabarak for Engineering and Construction","https://www.tabarak-co.com"
"https://theorg.com/companies/t-1","TAA Solutions","https://taasolutions.net/"
"https://theorg.com/companies/t-1","TaaSera","https://www.taasera.com"
"https://theorg.com/companies/t-1","taartdecoratief.nl","https://www.taartdecoratief.nl/"
"https://theorg.com/companies/t-1","Tabansi",""
"https://theorg.com/companies/t-1","Tabasco","https://www.tabasco.com/"
"https://theorg.com/companies/t-1","Taaply, Inc.","https://www.taaply.com/"
"https://theorg.com/companies/t-1","TAB","https://www.tab.co.nz/"
"https://theorg.com/companies/t-1","Tabacon Grand Spa Thermal Resort","https://www.tabacon.com/"
"https://theorg.com/companies/t-1","Taba","https://get.tabaapp.com/"
"https://theorg.com/companies/t-1","Taashee Linux Services","https://www.taashee.com"
"https://theorg.com/companies/t-1","Taba√±ero Holdings","https://tabanero.com"
"https://theorg.com/companies/t-1","Taasuka Shava","https://taasukashava.org.il"
"https://theorg.com/companies/t-1","Tabani's School of Accountancy","https://www.tsa.edu.pk/"
"https://theorg.com/companies/t-1","Tab App","http://tabapp.co/"
"https://theorg.com/companies/t-1","Tabani Group, Inc.","https://www.tabanigroup.com/"
"https://theorg.com/companies/t-1","Taasiyeda ◊™◊¢◊©◊ô◊ô◊ì◊¢","https://www.think.org.il"
"https://theorg.com/companies/t-1","TAB","https://tabhq.com/"
"https://theorg.com/companies/t-1","Taascom","https://www.taascom.com/"
"https://theorg.com/companies/t-1","tab32","http://tab32.com"
"https://theorg.com/companies/t-1","Tab","https://business.tab.travel"
"https://theorg.com/companies/t-1","Tabani Real Estate","https://www.tabanirealestate.com/"
"https://theorg.com/companies/t-1","Tabanlioglu Architects","https://www.tabanlioglu.com"
"https://theorg.com/companies/t-1","Tabak Law, LLC","https://www.tabakattorneys.com/"
"https://theorg.com/companies/t-1","Tabatex","https://www.tabatex.com.br"
"https://theorg.com/companies/t-1","Tabarak Holding","http://tabarakholding.com"
"https://theorg.com/companies/t-1","Taazaa Inc","http://www.taazaa.com/"
"https://theorg.com/companies/t-1","Tabadul","https://tabadul.iq/"
"https://theorg.com/companies/t-1","TABACALERA USA Inc.","https://www.tabacalerausa.com/"
"https://theorg.com/companies/t-1","Taat Global","https://taatglobal.com"
"https://theorg.com/companies/t-1","Tabard Advisory Group","http://www.tabardag.com"
"https://theorg.com/companies/t-1","TAB","https://www.tabinc.com"
"https://theorg.com/companies/t-1","Taasa Health Inc.","https://taasahealth.org/"
"https://theorg.com/companies/t-1","TAASCO INTERNATIONAL TRADING LLC DUBAI","http://www.protechgulf.com"
"https://theorg.com/companies/t-1","Tabania","https://www.tabania.com"
"https://theorg.com/companies/t-1","Taap Labs","https://www.taap.dev/"
"https://theorg.com/companies/t-1","Tabadul","https://www.tabadul.sa"
"https://theorg.com/companies/t-1","TA Associates","https://ta.com"
"https://theorg.com/companies/t-1","Tabba Heart Institute","https://tabbaheart.org/"
"https://theorg.com/companies/t-1","TabbedOut","http://www.tabbedout.com"
"https://theorg.com/companies/t-1","TAB Central Alabama","http://tabcentralalabama.com"
"https://theorg.com/companies/t-1","Tabbi","https://www.tabbi.app"
"https://theorg.com/companies/t-1","TAB Bank","http://tabbank.com"
"https://theorg.com/companies/t-1","tabby","http://tabby.ai"
"https://theorg.com/companies/t-1","TABI","https://tabicorporation.com/"
"https://theorg.com/companies/t-1","Tabia Health","https://www.tabia.health"
"https://theorg.com/companies/t-1","Tabiat Zendeh Laboratories","https://tezlabs.com/"
"https://theorg.com/companies/t-1","TAB group","http://tab-global.com"
"https://theorg.com/companies/t-1","Tabhotel","https://tabhotel.com/"
"https://theorg.com/companies/t-1","Tabit","http://www.tabit.cloud/"
"https://theorg.com/companies/t-1","Tabiri Analytics, Inc.","https://tabirianalytics.com/"
"https://theorg.com/companies/t-1","Tabitha Health","https://www.tabitha.org/"
"https://theorg.com/companies/t-1","tabit","https://tabit.ai"
"https://theorg.com/companies/t-1","Tabin Tech | ÿ™ÿßÿ®€åŸÜ ÿ™Ÿê⁄©","https://tabintech.com"
"https://theorg.com/companies/t-1","Tabi Land","https://tabi.land"
"https://theorg.com/companies/t-1","Tabikobo","https://www.tabikobo.com/"
"https://theorg.com/companies/t-1","Tabio","http://tabio.com"
"https://theorg.com/companies/t-1","Tability","https://tability.io/"
"https://theorg.com/companies/t-1","Tabi Corporation","http://tabicorporation.com"
"https://theorg.com/companies/t-1","Tabib Group","http://tabibgroup.net/"
"https://theorg.com/companies/t-1","Tabiconnect",""
"https://theorg.com/companies/t-1","tabGeeks Network","https://www.tabgeeks.com"
"https://theorg.com/companies/t-1","TAB Gƒ±da","https://www.tabgida.com.tr"
"https://theorg.com/companies/t-1","Tabiat","https://tabiat.care"
"https://theorg.com/companies/t-1","TAB Fort Worth",""
"https://theorg.com/companies/t-1","Tabet DiVito & Rothstein LLC","https://tdrlaw.com"
"https://theorg.com/companies/t-1","Tab for a Cause","https://tab.gladly.io"
"https://theorg.com/companies/t-1","TAB Food Investments","https://tabfoods.com/"
"https://theorg.com/companies/t-1","Tabesto","https://www.tabesto.com/"
"https://theorg.com/companies/t-1","Taberna el Papel√≤n","http://tabernaelpapelon.com"
"https://theorg.com/companies/t-1","Tabetalt.no","https://tabetalt.no/"
"https://theorg.com/companies/t-1","tabernacle school","https://tabernacle.school"
"https://theorg.com/companies/t-1","Taber Industries","https://www.taberindustries.com"
"https://theorg.com/companies/t-1","Taberg Media Group","https://www.tabergmediagroup.se"
"https://theorg.com/companies/t-1","Tabeo","https://www.tabeo.co.uk"
"https://theorg.com/companies/t-1","Taber Extrusions","https://www.taberextrusions.com"
"https://theorg.com/companies/t-1","TABER Company","https://www.taberco.net"
"https://theorg.com/companies/t-1","Taberg Ingenieure GmbH","https://www.taberg.de"
"https://theorg.com/companies/t-1","TAB energia","https://www.tabenergia.com.br"
"https://theorg.com/companies/t-1","Tabella s.r.o.","https://www.tabella.cz"
"https://theorg.com/companies/t-1","Tabeeby","http://tabeeby.com"
"https://theorg.com/companies/t-1","Tabellae Inc. - ERP Document Management Specialists","https://www.tabellae.com/en/"
"https://theorg.com/companies/t-1","Tabella","https://jointabella.com/"
"https://theorg.com/companies/t-1","TAB eG","https://www.tab-eg.de"
"https://theorg.com/companies/t-1","Tabdelta solutions",""
"https://theorg.com/companies/t-1","Tabebe","https://www.tabebe.com"
"https://theorg.com/companies/t-1","Tab Commerce","https://www.usetab.io/"
"https://theorg.com/companies/t-1","Tabcorp","https://www.tabcorp.com.au/"
"https://theorg.com/companies/t-1","tabl.","https://www.tabl.com"
"https://theorg.com/companies/t-1","Tab King USA","https://www.tabkingusa.com"
"https://theorg.com/companies/t-1","Tabiya","https://www.tabiya.org"
"https://theorg.com/companies/t-1","Tab Labs Nutraceuticals Inc.","https://www.tablabs.ca"
"https://theorg.com/companies/t-1","TABLE","http://table.co"
"https://theorg.com/companies/t-1","Table 26 Palm Beach","https://www.table26palmbeach.com"
"https://theorg.com/companies/t-1","Table22","https://table22.com/"
"https://theorg.com/companies/t-1","Tabld","https://www.tabld.io"
"https://theorg.com/companies/t-1","Table 301","https://table301.com/"
"https://theorg.com/companies/t-1","Tables for Business","https://www.tablesforbusiness.com"
"https://theorg.com/companies/t-1","Tablerock Capital","https://www.tablerock-capital.com/"
"https://theorg.com/companies/t-1","TableRock Residential","https://www.tablerockres.com"
"https://theorg.com/companies/t-1","Table Rock Community Bank","https://www.trcbank.com"
"https://theorg.com/companies/t-1","Table Rock","https://www.tablerockmanagement.com/"
"https://theorg.com/companies/t-1","Table r√©gionale des organismes communautaires autonomes de Lanaudi√®re (TROCL)","https://trocl.org"
"https://theorg.com/companies/t-1","TablePort","https://tableport.io"
"https://theorg.com/companies/t-1","TablePlus","https://tableplus.com"
"https://theorg.com/companies/t-1","Tabler","http://www.tablerapp.com"
"https://theorg.com/companies/t-1","TABLE MOUNTAIN PHYSICAL THERAPY INC","https://tablemountainpt.com"
"https://theorg.com/companies/t-1","Tablenu","https://tablenu.com"
"https://theorg.com/companies/t-1","Table Needs","https://tableneeds.com"
"https://theorg.com/companies/t-1","TableOne","https://tableone.app/"
"https://theorg.com/companies/t-1","Table Mountain Rancheria Band of Indians","https://www.tmcasino.com/"
"https://theorg.com/companies/t-1","Table Media Group, Inc.","https://tablemediagroup.com/"
"https://theorg.com/companies/t-1","Table Flow",""
"https://theorg.com/companies/t-1","TableHero","http://tablehero.com"
"https://theorg.com/companies/t-1","Table Mountain Aerial Cableway Co. Ltd.","https://www.tablemountain.net"
"https://theorg.com/companies/t-1","Tablelist","http://www.tablelist.com"
"https://theorg.com/companies/t-1","Table Eight","https://www.tableeight.io/"
"https://theorg.com/companies/t-1","Tablee","https://www.tableeco.com"
"https://theorg.com/companies/t-1","Table Duck","https://www.tableduck.com"
"https://theorg.com/companies/t-1","Tabled","https://www.tabled.io"
"https://theorg.com/companies/t-1","Table du Sud","https://tabledusud.nl/"
"https://theorg.com/companies/t-1","TableCraft","http://www.tablecraft.com"
"https://theorg.com/companies/t-1","TableclothsFactory","https://tableclothsfactory.com/"
"https://theorg.com/companies/t-1","TableCrowd","https://www.tablecrowd.com"
"https://theorg.com/companies/t-1","Tablecloth.io","https://www.tablecloth.io/"
"https://theorg.com/companies/t-1","TableCheck","https://www.tablecheck.com/en/join/"
"https://theorg.com/companies/t-1","Tablebases.com","https://tablebases.com/"
"https://theorg.com/companies/t-1","Tableaux Paris","https://www.tableauxparis.com"
"https://theorg.com/companies/t-1","Table Bay Financial Network, Inc.","https://tablebayfinancial.com/"
"https://theorg.com/companies/t-1","Table Charm","https://www.tablecharm.com"
"https://theorg.com/companies/t-1","Tableaux Decorative Grilles","https://tableaux.com"
"https://theorg.com/companies/t-1","TABLEAU",""
"https://theorg.com/companies/t-1","Table and Beyond","https://www.tableandbeyond.com"
"https://theorg.com/companies/t-1","Table.ai","https://www.table.ai/"
"https://theorg.com/companies/t-1","TableAir","https://www.tableair.com/"
"https://theorg.com/companies/t-1","Table 95 Hospitality","https://www.table95.com"
"https://theorg.com/companies/t-1","Table37","https://www.table37.com"
"https://theorg.com/companies/t-1","Table4One","https://table4one.app"
"https://theorg.com/companies/t-1","Table Space Technologies","https://tablespace.com"
"https://theorg.com/companies/t-1","Tableside Partners Inc.","https://www.tablesidepartners.com"
"https://theorg.com/companies/t-1","Tables&Tops Office & Restaurant Furniture",""
"https://theorg.com/companies/t-1","TableTab","https://tabletab.io"
"https://theorg.com/companies/t-1","Tabletalk Media Ltd",""
"https://theorg.com/companies/t-1","Tablet2Cases","https://www.tablet2cases.com/"
"https://theorg.com/companies/t-1","Tablet Academy UK","http://tablet-academy.com"
"https://theorg.com/companies/t-1","Tabmega","https://tabmega.com/"
"https://theorg.com/companies/t-1","Tabmeal","https://tabmeal.com/"
"https://theorg.com/companies/t-1","Tabner","http://www.tabnerglobal.com/"
"https://theorg.com/companies/t-1","Tablz","https://www.tablz.com/"
"https://theorg.com/companies/t-1","TABLT","https://tablt.com/"
"https://theorg.com/companies/t-1","Tablo Group","https://www.tablokitchenxcafe.com"
"https://theorg.com/companies/t-1","Tablr","https://tablr.com"
"https://theorg.com/companies/t-1","TabLogs","https://www.tablogs.com"
"https://theorg.com/companies/t-1","Tablo Noir","https://www.tablonoir.com"
"https://theorg.com/companies/t-1","Tablo Publishing","http://tablo.com"
"https://theorg.com/companies/t-1","Tablift","http://www.tablift.com/"
"https://theorg.com/companies/t-1","Tablmakr","https://www.tablmakr.com"
"https://theorg.com/companies/t-1","Tablez Food Company Pvt Ltd","https://www.tablez.com"
"https://theorg.com/companies/t-1","Tablieh","http://www.tablieh.com/"
"https://theorg.com/companies/t-1","Tablis Wonen","https://www.tabliswonen.nl"
"https://theorg.com/companies/t-1","tablettotaal.nl","https://www.tablettotaal.nl"
"https://theorg.com/companies/t-1","Tablet Under Budget","https://tabletunderbudget.com"
"https://theorg.com/companies/t-1","Tablevibe","https://www.tablevibe.co"
"https://theorg.com/companies/t-1","TableUp","https://www.tableup.com/"
"https://theorg.com/companies/t-1","TableYeti","https://tableyeti.com"
"https://theorg.com/companies/t-1","TableTrust Brands","https://tabletrustbrands.com/"
"https://theorg.com/companies/t-1","TABLETTE STORE","https://www.tablette-store.com/"
"https://theorg.com/companies/t-1","Tablets (India) Limited","http://www.tabletsindia.com"
"https://theorg.com/companies/t-1","Table to Table","https://www.tabletotable.org"
"https://theorg.com/companies/t-1","TabletPOS","https://www.tabletpos.co.za"
"https://theorg.com/companies/t-1","Tabletop Tycoon","https://www.tabletoptycoon.com/"
"https://theorg.com/companies/t-1","TabletopPM","https://www.tabletoppm.com"
"https://theorg.com/companies/t-1","Tabletop Media Group","http://tabletopmediagroup.com"
"https://theorg.com/companies/t-1","Tabletopia","https://tabletopia.com"
"https://theorg.com/companies/t-1","TabletopTown","https://www.tabletop.town"
"https://theorg.com/companies/t-1","TabletopJournal","http://tabletopjournal.com"
"https://theorg.com/companies/t-1","Table + Teaspoon","https://www.tableandteaspoon.com"
"https://theorg.com/companies/t-1","TABLE TOP CATERING, LLC","https://tabletopcatering.com"
"https://theorg.com/companies/t-1","TABLETmedia","https://tablet.media/"
"https://theorg.com/companies/t-1","TabletKiosk","http://www.tabletkiosk.com"
"https://theorg.com/companies/t-1","TabletClass","https://tcmathacademy.com/"
"https://theorg.com/companies/t-1","Tablet Cloud","https://tabletcloud.com.br"
"https://theorg.com/companies/t-1","Table Tap","https://thetabletap.com/"
"https://theorg.com/companies/t-1","Tablet Command","http://tabletcommand.com/"
"https://theorg.com/companies/t-1","Table Tennis Federation Of India (TTFI)","https://ttfi.org"
"https://theorg.com/companies/t-1","TableTalk","https://www.tabletalk.com"
"https://theorg.com/companies/t-1","Table Talk Technologies","http://tabletalktech.com"
"https://theorg.com/companies/t-1","Table Talk Pies, Inc.","http://tabletalkpie.com"
"https://theorg.com/companies/t-1","TAB NZ","https://www.tabnz.org"
"https://theorg.com/companies/t-1","Tabnine (formerly Codota)","https://www.tabnine.com/"
"https://theorg.com/companies/t-1","Tabo","https://tabo-energia.it"
"https://theorg.com/companies/t-1","Taboo Period Products","https://tabooau.co/"
"https://theorg.com/companies/t-1","Tabobine","https://www.tabobine.com"
"https://theorg.com/companies/t-1","Tabomedex","http://tabomedex.com"
"https://theorg.com/companies/t-1","Tabocas","https://tabocas.com.br/"
"https://theorg.com/companies/t-1","Taboga","https://taboga.cr/"
"https://theorg.com/companies/t-1","Tabula Pro","https://www.tabulapro.com/"
"https://theorg.com/companies/t-1","Tabular","https://tabular.io/"
"https://theorg.com/companies/t-1","Tabular Editor","https://tabulareditor.com"
"https://theorg.com/companies/t-1","Tabula Rasa","https://www.tabularasa.nl/"
"https://theorg.com/companies/t-1","Tabula Rasa HealthCare","http://tabularasahealthcare.com"
"https://theorg.com/companies/t-1","tab√∫","http://www.talktabu.com/"
"https://theorg.com/companies/t-1","Tabuk Investment & Tourism Co.","https://tabukinvestment.com"
"https://theorg.com/companies/t-1","Tabula Lingua","http://www.tabulalingua.com"
"https://theorg.com/companies/t-1","Tabula","https://www.tabula.com"
"https://theorg.com/companies/t-1","Tabuk Pharmaceuticals","https://tabukpharmaceuticals.com/"
"https://theorg.com/companies/t-1","TAB TRAVELS & EVENTS [ Unit of TOPAZ AND BLANC HOSPITALITY PVT LTD]","http://www.tabtravels.in"
"https://theorg.com/companies/t-1","Tabtimize","https://tabtimize.com/"
"https://theorg.com/companies/t-1","Tabu","http://heytabu.com"
"https://theorg.com/companies/t-1","TabTree","https://www.tabtree.in"
"https://theorg.com/companies/t-1","TabTrader","http://tab-trader.com/"
"https://theorg.com/companies/t-1","TABSONS INDIA","http://www.tabsons.com/index.html"
"https://theorg.com/companies/t-1","TAB Staffing",""
"https://theorg.com/companies/t-1","TAB Spain","https://www.tabspain.com"
"https://theorg.com/companies/t-1","TabSquare","http://tabsquare.ai"
"https://theorg.com/companies/t-1","TabTale","http://www.tabtale.com"
"https://theorg.com/companies/t-1","tabsite","http://www.tabsite.com"
"https://theorg.com/companies/t-1","Tabs3 Software","https://www.tabs3.com/"
"https://theorg.com/companies/t-1","tabski","https://tabski.com"
"https://theorg.com/companies/t-1","TABS Inc.","https://www.tabsinc.com"
"https://theorg.com/companies/t-1","TABsense","https://tabsense.ai"
"https://theorg.com/companies/t-1","TabRabbit","https://www.tabrabbit.com"
"https://theorg.com/companies/t-1","Tabrasa","https://www.tabrasa.io/"
"https://theorg.com/companies/t-1","TABS","http://tabs.org"
"https://theorg.com/companies/t-1","Tabreed","https://www.tabreed.ae/"
"https://theorg.com/companies/t-1","Tab Retail Remodeling, Inc.","https://www.tabretailremodeling.com/"
"https://theorg.com/companies/t-1","TAB Products Co LLC","https://www.tab.com/"
"https://theorg.com/companies/t-1","TaborStreet","https://taborstreet.com"
"https://theorg.com/companies/t-1","Tabor Village","https://www.taborvillage.org"
"https://theorg.com/companies/t-1","Tabors Caramanis Rudkevich (TCR)","https://www.tcr-us.com"
"https://theorg.com/companies/t-1","Tabor Mortgage Group","https://tabormortgage.com"
"https://theorg.com/companies/t-1","TabordaENS","https://www.tabordaens.com/"
"https://theorg.com/companies/t-1","TABOOST Social Agency","https://www.taboost.me"
"https://theorg.com/companies/t-1","Tabor Communications","https://www.taborcommunications.com"
"https://theorg.com/companies/t-1","Tabor College","https://tabor.edu/"
"https://theorg.com/companies/t-1","TABOR ACADEMY","https://www.taboracademy.org/"
"https://theorg.com/companies/t-1","Tabor 100","https://www.tabor100.org"
"https://theorg.com/companies/t-1","Taboola","https://www.taboola.com/"
"https://theorg.com/companies/t-1","Tabulate","https://tabulate.com"
"https://theorg.com/companies/t-1","Tabula Rosa Systems","http://www.tabularosa.net/"
"https://theorg.com/companies/t-1","Tabulous","https://tabulous.ai"
"https://theorg.com/companies/t-1","Tabyat Partners","http://www.tabyat.com"
"https://theorg.com/companies/t-1","Tab US","https://www.tab-us.com"
"https://theorg.com/companies/t-1","Tach√© Diamonds","https://www.tachediamonds.com"
"https://theorg.com/companies/t-1","TAC","https://touchandcontact.com"
"https://theorg.com/companies/t-1","Tabush Group","http://tabush.com"
"https://theorg.com/companies/t-1","Tachyon","https://tachyon.xyz/"
"https://theorg.com/companies/t-1","Tachyon","https://www.trytachyon.com/"
"https://theorg.com/companies/t-1","Tachra Darou","https://tachra.com/?lng=en"
"https://theorg.com/companies/t-1","Tachus, LLC","https://www.tachus.com/"
"https://theorg.com/companies/t-1","TachyHealth","http://tachyhealth.com"
"https://theorg.com/companies/t-1","Tachi-S Co Ltd","http://www.tachi-s.co.jp"
"https://theorg.com/companies/t-1","Tach Luggage","https://www.tachluggage.com"
"https://theorg.com/companies/t-1","TachLock video","https://tachlock.com"
"https://theorg.com/companies/t-1","Tachi-S Engineering USA, Inc.","https://www.tachi-s.com/"
"https://theorg.com/companies/t-1","TachMed","https://www.tachmed.com"
"https://theorg.com/companies/t-1","Ta Ching Securities Co Ltd","https://www.tcstock.com.tw/web/"
"https://theorg.com/companies/t-1","Tachi-S Brasil","https://www.tachi-s.com.br/"
"https://theorg.com/companies/t-1","Tachibana Eletech","http://www.tachibana.co.jp"
"https://theorg.com/companies/t-1","Tachikawa Corp","https://www.blind.co.jp/"
"https://theorg.com/companies/t-1","Tachi Palace Casino Resort","https://www.tachipalace.com"
"https://theorg.com/companies/t-1","Tache","https://www.tache.co.uk"
"https://theorg.com/companies/t-1","T√°che","https://www.pistachiomilk.com"
"https://theorg.com/companies/t-1","Ta Chen Stainless Pipe Co Ltd","https://www.tachen.com/"
"https://theorg.com/companies/t-1","Tachia Yung Ho Machine Industry Co., Ltd.","https://www.yhmco-daja.com/"
"https://theorg.com/companies/t-1","TAC Healthcare","https://www.tachealthcare.com"
"https://theorg.com/companies/t-1","Tach Consultant","https://www.tachconsultant.com/"
"https://theorg.com/companies/t-1","TacGas Media","https://www.tacgas.com"
"https://theorg.com/companies/t-1","TACC Team","https://taccteam.com"
"https://theorg.com/companies/t-1","TaCerto.com","http://www.tacerto.com"
"https://theorg.com/companies/t-1","TACFIT","https://tacfit.com/"
"https://theorg.com/companies/t-1","TAC Computer","https://www.taccomputer.com"
"https://theorg.com/companies/t-1","Tac City Goods Co.","https://www.taccitygoods.com/"
"https://theorg.com/companies/t-1","TAC CREDIT","https://www.tyleranalytics.com/"
"https://theorg.com/companies/t-1","TACCS - Turkish American Chamber of Commerce of the South","https://taccs.us/"
"https://theorg.com/companies/t-1","TAC Co Ltd","https://www.tac-school.co.jp/"
"https://theorg.com/companies/t-1","Tacboard.com","https://tacboard.com/"
"https://theorg.com/companies/t-1","Tacchi Giacomo e Figli S.p.A.","https://www.tacchi.it/?lang=en"
"https://theorg.com/companies/t-1","TAC Collections","http://www.taccorp.com/"
"https://theorg.com/companies/t-1","TACC","https://ta-cc.com"
"https://theorg.com/companies/t-1","Tacchini Sistema de Sa√∫de","https://www.tacchini.com.br"
"https://theorg.com/companies/t-1","Tacans Labs","https://tacans.com"
"https://theorg.com/companies/t-1","TACACS.net","https://www.tacacs.net/"
"https://theorg.com/companies/t-1","TAC","https://www.theanalysiscorp.com"
"https://theorg.com/companies/t-1","Tacala, LLC","https://www.tacala.com/"
"https://theorg.com/companies/t-1","Tacalyx","https://www.tacalyx.com/"
"https://theorg.com/companies/t-1","T√§by kommun","https://www.taby.se/"
"https://theorg.com/companies/t-1","TAC","http://www.tacadvisory.com/"
"https://theorg.com/companies/t-1","Tachyon Networks","http://www.tachyon.net"
"https://theorg.com/companies/t-1","TACHYON COMMUNICATIONS SERVICES","http://www.tach1.com/"
"https://theorg.com/companies/t-1","Tachyon Systems","https://www.tachyonsys.com.au/"
"https://theorg.com/companies/t-1","Tachyon Ventures","http://tachyon.vc"
"https://theorg.com/companies/t-1","Tachyon Technologies","http://tachyontech.com"
"https://theorg.com/companies/t-1","Tachyum","http://tachyum.com/"
"https://theorg.com/companies/t-1","Tachyon Therapeutics","https://tachyontx.com/"
"https://theorg.com/companies/t-1","Tacnode US Inc","https://tacnode.io"
"https://theorg.com/companies/t-1","Tacnik Technology Pvt. Ltd.","https://www.tacnik.com"
"https://theorg.com/companies/t-1","Taco Bell Espa√±a","https://www.tacobell.es"
"https://theorg.com/companies/t-1","TACNA SERVICES INC","https://tacna.net/"
"https://theorg.com/companies/t-1","TACNA AI","https://www.tacnaai.com"
"https://theorg.com/companies/t-1","Tacmina Corp","https://www.tacmina.co.jp/"
"https://theorg.com/companies/t-1","Tackwell Co.","https://www.tackwell.co/"
"https://theorg.com/companies/t-1","Tacmina USA Corporation","https://www.tacminausa.com"
"https://theorg.com/companies/t-1","Taclia","https://taclia.com"
"https://theorg.com/companies/t-1","TackyMinds","http://www.tackyminds.com"
"https://theorg.com/companies/t-1","TackTracker","https://www.tacktracker.com"
"https://theorg.com/companies/t-1","Tack Mobile","http://www.tackmobile.com"
"https://theorg.com/companies/t-1","Tack of the Day","https://www.tackoftheday.com"
"https://theorg.com/companies/t-1","Tack Media","https://tackmedia.com"
"https://theorg.com/companies/t-1","Tack TMI","https://www.tacktmiglobal.com/"
"https://theorg.com/companies/t-1","Tacklers Renewables",""
"https://theorg.com/companies/t-1","TackleHack","https://www.tacklehack.com/"
"https://theorg.com/companies/t-1","Tackle Trading","https://tackletrading.com"
"https://theorg.com/companies/t-1","Tacklit","https://www.tacklit.com/"
"https://theorg.com/companies/t-1","Tackle-Consulting","https://www.tackleconsulting.net/"
"https://theorg.com/companies/t-1","Tackhosting","https://tackhosting.com"
"https://theorg.com/companies/t-1","Tackle Ai","https://tackleai.com"
"https://theorg.com/companies/t-1","Tackform","https://www.tackform.com"
"https://theorg.com/companies/t-1","Tackle","https://www.gotackle.ai/"
"https://theorg.com/companies/t-1","Tackle","https://tackle.io/"
"https://theorg.com/companies/t-1","Tackable","http://www.eventsterapp.com"
"https://theorg.com/companies/t-1","Tacit Therapeutics","https://tacittx.com/"
"https://theorg.com/companies/t-1","Tack","https://tack.one"
"https://theorg.com/companies/t-1","Tack","http://www.tackconsulting.com/"
"https://theorg.com/companies/t-1","TACK ‚õµÔ∏è","https://www.tackgtm.com"
"https://theorg.com/companies/t-1","TacitEdge Ltd.","https://www.tacitedgeltd.com/"
"https://theorg.com/companies/t-1","Tacitly","https://tacitly.com/"
"https://theorg.com/companies/t-1","Tacit Motion Inc.","https://www.tacitmotion.com/"
"https://theorg.com/companies/t-1","Tacit Innovations","https://tacitcorporation.com"
"https://theorg.com/companies/t-1","Taciti Consulting","https://taciti.com/"
"https://theorg.com/companies/t-1","TAC Integrated Solutions","https://tacintegrated.com"
"https://theorg.com/companies/t-1","Tacirler Yatirim Menkul Degerler A.S.","https://tacirler.com.tr/"
"https://theorg.com/companies/t-1","Tacit","https://tacit.io/"
"https://theorg.com/companies/t-1","Tacion Solutions",""
"https://theorg.com/companies/t-1","TAC Insight","https://www.tacinsight.com/"
"https://theorg.com/companies/t-1","Tacilent.ai","https://tacilent.ai"
"https://theorg.com/companies/t-1","TAC Index","https://www.tacindex.com/"
"https://theorg.com/companies/t-1","Tachyus","http://tachyus.com"
"https://theorg.com/companies/t-1","Taco Bell India (Burman Hospitality)","https://www.tacobell.co.in"
"https://theorg.com/companies/t-1","Taco Box","https://tacobox.com"
"https://theorg.com/companies/t-1","Taco Bell Nederland","https://www.tacobell.nl"
"https://theorg.com/companies/t-1","Taco Boy","https://www.tacoboy.net"
"https://theorg.com/companies/t-1","Taco Cabana, Inc.","https://www.tacocabana.com/"
"https://theorg.com/companies/t-1","Taco Bueno Restaurants","https://www.tacobueno.com"
"https://theorg.com/companies/t-1","Taco Casa","https://www.tacocasa.com"
"https://theorg.com/companies/t-1","Taco Comfort Solutions","https://www.tacocomfort.com/"
"https://theorg.com/companies/t-1","Taco Shop",""
"https://theorg.com/companies/t-1","Tacora Resources","https://tacoraresources.com/"
"https://theorg.com/companies/t-1","TA Corporation","http://tiongaik.com.sg"
"https://theorg.com/companies/t-1","Tacos 4 Life Grill","https://www.tacos4life.com"
"https://theorg.com/companies/t-1","Tacori","https://www.tacori.com/"
"https://theorg.com/companies/t-1","Taconic International Ltd","https://www.taconic-ipd.com"
"https://theorg.com/companies/t-1","T&A Consulting","https://www.taglobalgroup.com"
"https://theorg.com/companies/t-1","Tacony Corporation","https://tacony.com/"
"https://theorg.com/companies/t-1","Taconic Ridge Farm","https://www.taconicridgefarm.com"
"https://theorg.com/companies/t-1","TA Connections","https://www.taconnections.com/"
"https://theorg.com/companies/t-1","TACONIC HILLS CENTRAL SCHOOL DISTRICT","http://taconichills.k12.ny.us"
"https://theorg.com/companies/t-1","Taconic Health Care","https://www.livinglegendshealth.com"
"https://theorg.com/companies/t-1","Taconic Innovations","https://www.taconicinnovations.com/"
"https://theorg.com/companies/t-1","Taconic Partners","https://taconicpartners.com"
"https://theorg.com/companies/t-1","Taconic Capital","http://taconiccap.com"
"https://theorg.com/companies/t-1","Taco Mundo","http://www.tacomundo.com"
"https://theorg.com/companies/t-1","Taco Mayo","https://www.tacomayo.com"
"https://theorg.com/companies/t-1","TACO Metals, LLC.","https://tacometals.com"
"https://theorg.com/companies/t-1","Tacombi","https://tacombi.com/"
"https://theorg.com/companies/t-1","Taconic","http://taconic.com"
"https://theorg.com/companies/t-1","Tacoma Public Library","https://www.tacomalibrary.org"
"https://theorg.com/companies/t-1","Tacoma Public Schools","https://www.tacomaschools.org"
"https://theorg.com/companies/t-1","Tacoma Screw Products, Inc.","http://www.tacomascrew.com/"
"https://theorg.com/companies/t-1","Tacoma Rescue Mission","https://www.trm.org/"
"https://theorg.com/companies/t-1","Tacoma Public Utilities","https://www.mytpu.org/"
"https://theorg.com/companies/t-1","TACOMA HYDRAULICS, INC.","https://tacomahydraulics.com"
"https://theorg.com/companies/t-1","Taco Mama","https://www.tacomamaonline.com"
"https://theorg.com/companies/t-1","Tacoma-Pierce County Health Department","https://www.tpchd.org"
"https://theorg.com/companies/t-1","Tacoma Dodge Chrysler Jeep Ram","https://www.tacomadodge.com"
"https://theorg.com/companies/t-1","Tacoma Housing Authority","https://www.tacomahousing.org/"
"https://theorg.com/companies/t-1","Taco Mac Restaurant Group","https://www.tacomac.com"
"https://theorg.com/companies/t-1","TacoLingo Tex-Mex","https://tacolingo.com"
"https://theorg.com/companies/t-1","Tacoma Arts Live","https://www.tacomaartslive.org/"
"https://theorg.com/companies/t-1","Tacoma Community House","https://www.tacomacommunityhouse.org/"
"https://theorg.com/companies/t-1","Tacoma Art Museum","https://www.tacomaartmuseum.org"
"https://theorg.com/companies/t-1","TACO Inc.","https://tacoinc.org"
"https://theorg.com/companies/t-1","Taco Heads","https://www.tacoheads.com"
"https://theorg.com/companies/t-1","Taco John's International, Inc.","https://tacojohns.com"
"https://theorg.com/companies/t-1","Taco Del Mar","https://www.tacodelmar.com"
"https://theorg.com/companies/t-1","Tacolicious","https://www.tacolicious.com/"
"https://theorg.com/companies/t-1","TacoCopter","http://tacocopter.com/"
"https://theorg.com/companies/t-1","TACODELI, L.L.C.","https://www.tacodeli.com/"
"https://theorg.com/companies/t-1","Taco/Social","https://tacosocial.com"
"https://theorg.com/companies/t-1","TacoStars","https://tacostars.org"
"https://theorg.com/companies/t-1","TacPack","http://www.tacpack.com"
"https://theorg.com/companies/t-1","Tacos Together","https://tacostogether.com"
"https://theorg.com/companies/t-1","TacoTime","https://www.tacotime.com/"
"https://theorg.com/companies/t-1","Taco Tico","https://www.tacoticokentucky.com/"
"https://theorg.com/companies/t-1","Taco Time Northwest","https://www.tacotimenw.com"
"https://theorg.com/companies/t-1","Tactical Haptics","http://tacticalhaptics.com"
"https://theorg.com/companies/t-1","Tactical Growth Partners","https://www.tacticalgrowthpartners.com"
"https://theorg.com/companies/t-1","Tactical Gear Distributors","https://www.tacticalgeardistributors.com"
"https://theorg.com/companies/t-1","Tactical Fleet","https://www.tacticalfleet.com"
"https://theorg.com/companies/t-1","Tactical-IT Group","https://www.tactical-it.com/"
"https://theorg.com/companies/t-1","Tactical Affairs","https://tacticalaffairs.com"
"https://theorg.com/companies/t-1","Tactical Energy Group, Inc.","https://www.tac-nrg.com"
"https://theorg.com/companies/t-1","Tactical Computing Laboratories","https://www.tactcomplabs.com/"
"https://theorg.com/companies/t-1","Tactical Air Support","https://www.tacticalairsupport.com"
"https://theorg.com/companies/t-1","Tactical Edge","https://tacticaledge.us"
"https://theorg.com/companies/t-1","Tactica Interactive","https://tacticahealth.com/"
"https://theorg.com/companies/t-1","Tactical 16 Publishing","https://tactical16.com"
"https://theorg.com/companies/t-1","Tactical Adventures","https://www.tactical-adventures.com/"
"https://theorg.com/companies/t-1","tactical.","https://www.wearetactical.com/"
"https://theorg.com/companies/t-1","Tactical Advantage Group","https://www.taggrp.com"
"https://theorg.com/companies/t-1","Tactic","https://www.tactic.com/"
"https://theorg.com/companies/t-1","Tactica Business Solutions","https://www.tactica.in"
"https://theorg.com/companies/t-1","Tactic","https://gettactic.com"
"https://theorg.com/companies/t-1","TACTIC","https://tactic.au"
"https://theorg.com/companies/t-1","Tactica","https://www.seotactica.com"
"https://theorg.com/companies/t-1","Tact Home","https://www.tacthome.co.jp/"
"https://theorg.com/companies/t-1","Tactic","https://tactic.fyi"
"https://theorg.com/companies/t-1","TACT Fostering","https://tactcare.org.uk/"
"https://theorg.com/companies/t-1","Tactful AI","http://tactful.ai"
"https://theorg.com/companies/t-1","Tactic","https://tactic.studio/"
"https://theorg.com/companies/t-1","Tactalyse","https://www.tactalyse.com"
"https://theorg.com/companies/t-1","Tactel","http://tactel.se"
"https://theorg.com/companies/t-1","Tact Firm","https://tactfirm.com/"
"https://theorg.com/companies/t-1","Tactai","http://www.tactai.com"
"https://theorg.com/companies/t-1","tacterion","http://www.tacterion.com/"
"https://theorg.com/companies/t-1","Tactable","https://tactable.io"
"https://theorg.com/companies/t-1","Tactacam LLC","https://www.tactacam.com"
"https://theorg.com/companies/t-1","Tact","https://www.tact-it.co.uk"
"https://theorg.com/companies/t-1","TACT","https://www.tactconseil.ca"
"https://theorg.com/companies/t-1","Tacstone Technology","https://technology.tacstone.nl"
"https://theorg.com/companies/t-1","TacSense Inc.","https://www.tacsense.com/"
"https://theorg.com/companies/t-1","TACSY Agency","https://www.tacsy.tv"
"https://theorg.com/companies/t-1","TacSol","https://www.tacticalsol.com"
"https://theorg.com/companies/t-1","TAC Solutions Group","https://tacsolutionsgroup.com/"
"https://theorg.com/companies/t-1","TAC Security","https://tacsecurity.com"
"https://theorg.com/companies/t-1","TACP (UK) Ltd","https://www.tacp.co.uk"
"https://theorg.com/companies/t-1","Tacpoint","https://www.tacpoint.com"
"https://theorg.com/companies/t-1","Taco Villa","https://tacovillaonline.com/"
"https://theorg.com/companies/t-1","Tactical Lighting Solutions","https://www.lazerbrite.com"
"https://theorg.com/companies/t-1","Tactical Marketing Co","https://tacticalmarketingco.com"
"https://theorg.com/companies/t-1","Tactical Logistic Solutions","https://www.tacticallogistic.com"
"https://theorg.com/companies/t-1","Tactical-Moves","https://www.tactical-moves.com/"
"https://theorg.com/companies/t-1","Tactical Public Relations Inc",""
"https://theorg.com/companies/t-1","Tactical Oilfield Products, Inc.","https://www.tacticaloilfieldproducts.com"
"https://theorg.com/companies/t-1","Tactical Network Solutions","https://www.tacnetsol.com/"
"https://theorg.com/companies/t-1","Tactical Medical Solutions","https://tacmedsolutions.com/"
"https://theorg.com/companies/t-1","Tactical Shit","https://shop.tacticalshit.com/"
"https://theorg.com/companies/t-1","TACTICAL SECURITY LLC","https://www.tacticalsecure.com"
"https://theorg.com/companies/t-1","Tactical Safety Solutions","https://www.tacticalsafetysolutions.com"
"https://theorg.com/companies/t-1","Tactical SEO","http://tacticalseo.com/"
"https://theorg.com/companies/t-1","Tactical Solutions","http://tactical-solutions.co.uk"
"https://theorg.com/companies/t-1","Tactile",""
"https://theorg.com/companies/t-1","Tactile Brain","https://www.tactilebrain.com/"
"https://theorg.com/companies/t-1","Tactile Engineering","https://www.tactile-engineering.com/"
"https://theorg.com/companies/t-1","Tactics","http://www.tactics.com"
"https://theorg.com/companies/t-1","TactileAI","https://www.tactileai.io"
"https://theorg.com/companies/t-1","Tactive","https://www.tactive.xyz"
"https://theorg.com/companies/t-1","Tactix",""
"https://theorg.com/companies/t-1","TACT, LLC","https://www.tact.care"
"https://theorg.com/companies/t-1","Tactiv Pty Ltd","http://www.tactiv.net"
"https://theorg.com/companies/t-1","Tactive","https://tactive.cc"
"https://theorg.com/companies/t-1","TACTIS","https://www.tactis.fr"
"https://theorg.com/companies/t-1","Tactiva Therapeutics","http://tactivatherapeutics.com"
"https://theorg.com/companies/t-1","TactiScan","https://www.tactiscan.com/"
"https://theorg.com/companies/t-1","Tactis","https://www.tactis.com"
"https://theorg.com/companies/t-1","Tactive","https://tactivewealth.com/"
"https://theorg.com/companies/t-1","Tactiq","https://tactiq.io"
"https://theorg.com/companies/t-1","Tactilize","https://tactilize.com"
"https://theorg.com/companies/t-1","Taction Technology Inc","http://www.tactiontechnology.com"
"https://theorg.com/companies/t-1","TACTIO","https://www.tactio.es/"
"https://theorg.com/companies/t-1","Taction Software LLC","http://www.tactionsoftware.com"
"https://theorg.com/companies/t-1","Tactile Orthopaedics","https://tactile-ortho.com/"
"https://theorg.com/companies/t-1","Tactile Design Group","https://www.thetactilegroup.com/"
"https://theorg.com/companies/t-1","Tactile Games","https://tactilegames.com/"
"https://theorg.com/companies/t-1","Tactile Mobility","http://www.tactilemobility.com/"
"https://theorg.com/companies/t-1","Tactile Medical","http://tactilemedical.com"
"https://theorg.com/companies/t-1","Tactic Box","https://tacticbox.com/"
"https://theorg.com/companies/t-1","Tactician Corporation","http://www.tactician.com"
"https://theorg.com/companies/t-1","Tactics BVBA","https://www.tactics.be"
"https://theorg.com/companies/t-1","TACTIC Key Consulting, S.L.","https://www.tactickco.com"
"https://theorg.com/companies/t-1","Tacticon Armament","https://tacticon.com"
"https://theorg.com/companies/t-1","Tactica Solutions","http://tacticallc.com"
"https://theorg.com/companies/t-1","Tactical Water Group","https://www.tacticalwatergroup.com"
"https://theorg.com/companies/t-1","Tactical Web Design","https://www.tacticalwebdesign.com/"
"https://theorg.com/companies/t-1","Tactical TeleSolutions","https://www.ttstechnique.com/"
"https://theorg.com/companies/t-1","Tactical Tech","https://tacticaltech.org/"
"https://theorg.com/companies/t-1","Tactical Rehabilitation Inc.","https://tacticalrehabdme.com/"
"https://theorg.com/companies/t-1","Tactical Solutions International, Inc.","https://www.tacticalsolutionsintl.com"
"https://theorg.com/companies/t-1","Tact Marketing Solutions","http://www.tactmarketingsolutions.com"
"https://theorg.com/companies/t-1","Tact Medical Staffing","https://www.tactstaff.com/"
"https://theorg.com/companies/t-1","Tactorial","https://tactorial.com"
"https://theorg.com/companies/t-1","Tactogen","https://tactogen.com/"
"https://theorg.com/companies/t-1","TactoTek","http://tactotek.com"
"https://theorg.com/companies/t-1","Tacton","http://tacton.com"
"https://theorg.com/companies/t-1","Tacto","https://www.tacto.ai/"
"https://theorg.com/companies/t-1","Tadarab","https://www.tadarab.com"
"https://theorg.com/companies/t-1","TAD Associates","http://technologyarchitecturedesign.com/"
"https://theorg.com/companies/t-1","Tadashi Shoji","https://www.tadashishoji.com/"
"https://theorg.com/companies/t-1","TADAO","https://tadao.fr"
"https://theorg.com/companies/t-1","Tadano Pan America","https://www.tadanoamericas.com"
"https://theorg.com/companies/t-1","tadamn",""
"https://theorg.com/companies/t-1","TaDa Labs","http://www.tadalabs.com/"
"https://theorg.com/companies/t-1","Tada Interactive","https://tadainteractive.com/"
"https://theorg.com/companies/t-1","Tadano Europe","https://tadanoeurope.com/"
"https://theorg.com/companies/t-1","Tada Cognitive Solutions also referred to as TadaNow","http://tadanow.com"
"https://theorg.com/companies/t-1","TadiBrothers","https://www.tadibrothers.com/"
"https://theorg.com/companies/t-1","TadHealth","https://www.tadhealth.com"
"https://theorg.com/companies/t-1","Tadicor","http://tadicor.com"
"https://theorg.com/companies/t-1","TADERA","https://www.tadera.com"
"https://theorg.com/companies/t-1","TAD GROUP","http://tadgroup.com"
"https://theorg.com/companies/t-1","Taddio Building Group","https://taddiobuildinggroup.com.au"
"https://theorg.com/companies/t-1","Tadcon","https://www.tadcon.com"
"https://theorg.com/companies/t-1","Taddle Creek Family Health Team","https://taddlecreekfht.ca"
"https://theorg.com/companies/t-1","TA Dedicated","https://tadedicated.com/"
"https://theorg.com/companies/t-1","Tadbik","https://www.tadbik.com"
"https://theorg.com/companies/t-1","tadawi","https://www.etadawi.com"
"https://theorg.com/companies/t-1","tada.team","https://tada.team/"
"https://theorg.com/companies/t-1","Tadatic","https://www.tadatic.com"
"https://theorg.com/companies/t-1","Tadawul Tech","https://tadawul.ly/"
"https://theorg.com/companies/t-1","TADA! Youth Theater","https://www.tadatheater.com"
"https://theorg.com/companies/t-1","TADA","https://usetada.com/"
"https://theorg.com/companies/t-1","Tadaa",""
"https://theorg.com/companies/t-1","Tadaaz","https://tadaaz.be/"
"https://theorg.com/companies/t-1","Tadabase","https://tadabase.io"
"https://theorg.com/companies/t-1","TADAccounting","https://www.tadaccounting.com"
"https://theorg.com/companies/t-1","Ta Cuiar","https://www.tacuiar.com"
"https://theorg.com/companies/t-1","TacyPet","https://tacypet.com"
"https://theorg.com/companies/t-1","TactWare","https://tactware.net"
"https://theorg.com/companies/t-1","Ta-da","https://ta-da.io"
"https://theorg.com/companies/t-1","TAC UNIVERSE","https://www.tacuniverse.com"
"https://theorg.com/companies/t-1","Tactus Verslavingszorg","https://www.tactus.nl"
"https://theorg.com/companies/t-1","Tacugama","https://www.tacugama.com/"
"https://theorg.com/companies/t-1","Tactus Group","https://tactusgroup.com/"
"https://theorg.com/companies/t-1","Tactus Group","https://tactusgroup.com/"
"https://theorg.com/companies/t-1","TACTUN - Testing Automation & Control That Unveils Nature","https://tactun.com/"
"https://theorg.com/companies/t-1","Tact Squad Uniform Manufacturer","https://www.tactsquad.com"
"https://theorg.com/companies/t-1","TACT - Teaching the Autism Community Trades","https://www.buildwithtact.org"
"https://theorg.com/companies/t-1","Tactual Labs","http://tactuallabs.com"
"https://theorg.com/companies/t-1","Tadiran Appliances","https://www.mdigital.co.il/tadiranIntl/"
"https://theorg.com/companies/t-1","Tadiran Batteries Ltd","https://www.tadiranbat.com/"
"https://theorg.com/companies/t-1","TA Digital","http://tadigital.com"
"https://theorg.com/companies/t-1","Tadley Tyre Services","https://www.tadley-tyres.co.uk/"
"https://theorg.com/companies/t-1","Tadiso Inc","https://tadiso.org"
"https://theorg.com/companies/t-1","Tadiran Telecom - ◊™◊ì◊ô◊®◊ê◊ü ◊ò◊ú◊ß◊ï◊ù ◊©◊®◊ï◊™◊ô ◊™◊ß◊©◊ï◊®◊™","https://www.tbsi.co.il"
"https://theorg.com/companies/t-1","Tadlock Roofing","https://tadlockroofing.com/"
"https://theorg.com/companies/t-1","Tadiran Telecom","https://www.tadirantele.com"
"https://theorg.com/companies/t-1","Taekwondo Federation of India","https://taekwondofederationofindia.com/"
"https://theorg.com/companies/t-1","Taelor","https://taelor.style/"
"https://theorg.com/companies/t-1","TAEKWON KIDS LLC","https://www.taekwonkids.com"
"https://theorg.com/companies/t-1","Taekus","https://www.taekus.com"
"https://theorg.com/companies/t-1","TAE Life Sciences","http://taelifesciences.com/"
"https://theorg.com/companies/t-1","T√¶knisk√≥linn","https://tskoli.is/"
"https://theorg.com/companies/t-1","Taekion","http://taekion.com"
"https://theorg.com/companies/t-1","tae it","http://www.taeit.com"
"https://theorg.com/companies/t-1","Tafaseel BPO","https://www.tafaseel.ae/"
"https://theorg.com/companies/t-1","TAFCO Corporation","https://www.tafco.com"
"https://theorg.com/companies/t-1","TAF Drones","https://www.tafdrones.com/"
"https://theorg.com/companies/t-1","Tafco","https://tafcowalkins.com"
"https://theorg.com/companies/t-1","Tafelberg Furnishers","https://www.tafelberg.co.za/"
"https://theorg.com/companies/t-1","Tafani LLC","https://www.tafani.ae"
"https://theorg.com/companies/t-1","Tafadzwa Consulting","https://www.tafadzwa.co.za"
"https://theorg.com/companies/t-1","Tafapolsky & Smith","https://tsmimmigration.com/"
"https://theorg.com/companies/t-1","TAF Africa Global","https://www.tafafricaglobal.com"
"https://theorg.com/companies/t-1","TA Europe","https://taeurope.com/"
"https://theorg.com/companies/t-1","Taelos Development","http://taelos.net/"
"https://theorg.com/companies/t-1","T√¶nketanken EQUALIS",""
"https://theorg.com/companies/t-1","TAE Technologies","https://tae.com/"
"https://theorg.com/companies/t-1","Taedda Solu√ß√µes Corporativas","https://www.taedda.com"
"https://theorg.com/companies/t-1","Taeillo","https://www.taeillo.com/"
"https://theorg.com/companies/t-1","Tadweld Limited","http://tadweld.co.uk"
"https://theorg.com/companies/t-1","Tadwire recycling company","https://www.tadwire.com"
"https://theorg.com/companies/t-1","TaeguTec World","https://www.taegutec.com"
"https://theorg.com/companies/t-1","Tadweer","https://www.tadweer.ae"
"https://theorg.com/companies/t-1","TAE Aerospace","https://www.taeaerospace.com"
"https://theorg.com/companies/t-1","Tadu","http://www.tadu.com/"
"https://theorg.com/companies/t-1","TAD Total Facilities Management","http://tadtfm.com"
"https://theorg.com/companies/t-1","Tadulako University","https://untad.ac.id/"
"https://theorg.com/companies/t-1","TADS by Community Brands","https://www.tads.com/"
"https://theorg.com/companies/t-1","Tadpull","https://www.tadpull.com/"
"https://theorg.com/companies/t-1","TADTELMAX","https://www.tadtelmax.com/"
"https://theorg.com/companies/t-1","TAD PGS, Inc.","https://www.tadpgs.com"
"https://theorg.com/companies/t-1","Tad Nelson Consulting","http://tadnelson.com/"
"https://theorg.com/companies/t-1","Tadpole Collective","https://tadpole.cc/"
"https://theorg.com/companies/t-1","TADPOLE ENGINEERING CONSULTANCY PVT LTD","https://tadpoletec.com"
"https://theorg.com/companies/t-1","tadoÀö","https://www.tado.com"
"https://theorg.com/companies/t-1","TADMUR CONTRACTING W.L.L","https://www.tadmurcontracting.com"
"https://theorg.com/companies/t-1","TADMUR HOLDING W.L.L","https://www.tadmurholding.com/"
"https://theorg.com/companies/t-1","Tadmor Levy & Co.","https://www.tadmor.com"
"https://theorg.com/companies/t-1","TAFE NSW","http://tafensw.edu.au"
"https://theorg.com/companies/t-1","TAFE SA","https://www.tafesa.edu.au/"
"https://theorg.com/companies/t-1","Tafel en meer","https://www.tafelenmeer.nl/"
"https://theorg.com/companies/t-1","Taff Housing","https://www.taffhousing.co.uk"
"https://theorg.com/companies/t-1","TAFE - Tractors and Farm Equipment Limited","https://tafe.com"
"https://theorg.com/companies/t-1","Taffet Associates","https://taffet.org"
"https://theorg.com/companies/t-1","Taffer Computers","https://taffercomputers.com/"
"https://theorg.com/companies/t-1","TAFF Inc","https://www.taffinc.com/"
"https://theorg.com/companies/t-1","TAG Advisors","https://www.tagadvisors.us"
"https://theorg.com/companies/t-1","Tagado","https://tagado.com/"
"https://theorg.com/companies/t-1","TAG3 Engineering","https://www.tag3engineering.com"
"https://theorg.com/companies/t-1","Taga m√©dical & scientifique","https://www.taga-medical.fr"
"https://theorg.com/companies/t-1","Tagaddod","http://www.tagaddod.com/"
"https://theorg.com/companies/t-1","Tagasauris","http://tagasauris.com"
"https://theorg.com/companies/t-1","Tagaris Winery","https://www.tagariswines.com/"
"https://theorg.com/companies/t-1","Tagalys","https://www.tagalys.com/"
"https://theorg.com/companies/t-1","TAG Associates","https://tagassoc.com"
"https://theorg.com/companies/t-1","TAG Auto Group","https://tagautogrp.com/"
"https://theorg.com/companies/t-1","TAG","https://www.wearetag.co"
"https://theorg.com/companies/t-1","TAG","https://tagme.pk"
"https://theorg.com/companies/t-1","TAG24 NEWS Deutschland GmbH","https://www.tag24.de"
"https://theorg.com/companies/t-1","TAG","https://tag.com"
"https://theorg.com/companies/t-1","Tag1 Consulting, Inc.","https://tag1consulting.com/"
"https://theorg.com/companies/t-1","Taft Studio","https://www.taft.studio"
"https://theorg.com/companies/t-1","TAG","http://tagcords.com"
"https://theorg.com/companies/t-1","tafweela","https://www.tafweela.com"
"https://theorg.com/companies/t-1","TAG","https://www.tag-group.com/"
"https://theorg.com/companies/t-1","Tag","https://www.tagww.com"
"https://theorg.com/companies/t-1","Taft Stettinius & Hollister LLP","https://taftlaw.com/news/subscribe"
"https://theorg.com/companies/t-1","TAF -The Animal Fund","https://www.theanimalfund.net"
"https://theorg.com/companies/t-1","Taft Engineering","https://www.taft-engineering.com"
"https://theorg.com/companies/t-1","Taft Communications","https://www.taftcommunications.com"
"https://theorg.com/companies/t-1","Taft Museum of Art","https://taftmuseum.org"
"https://theorg.com/companies/t-1","Taft","http://www.taftclothing.com"
"https://theorg.com/companies/t-1","Taft City School District","http://taftcity.org"
"https://theorg.com/companies/t-1","Tafsol Technologies","https://www.tafsol.com"
"https://theorg.com/companies/t-1","Tafta Holding","https://tafta.ir/"
"https://theorg.com/companies/t-1","Taft Electric Co","https://www.taftelectric.com"
"https://theorg.com/companies/t-1","TAF mobile GmbH","http://www.tafmobile.de"
"https://theorg.com/companies/t-1","Tafoma","https://tafoma.com"
"https://theorg.com/companies/t-1","Taflan Software","https://taflan.co.uk/"
"https://theorg.com/companies/t-1","TAFS, Inc.","https://www.tafs.com"
"https://theorg.com/companies/t-1","TAF JK Group","https://www.tafjkgroup.com"
"https://theorg.com/companies/t-1","TAF INTERIM","http://www.taf-interim.fr"
"https://theorg.com/companies/t-1","TAF House Material","https://tafhousematerial.com/"
"https://theorg.com/companies/t-1","Taffy Town, Inc.","https://www.taffytown.com"
"https://theorg.com/companies/t-1","Tafisa Canada","https://tafisa.ca/en"
"https://theorg.com/companies/t-1","Tafi","https://www.maketafi.com/"
"https://theorg.com/companies/t-1","Taffrail","https://taffrail.com"
"https://theorg.com/companies/t-1","Taffy Event Strategies","https://taffyeventstrategies.com"
"https://theorg.com/companies/t-1","TAG Aviation","https://tagaviation.com/"
"https://theorg.com/companies/t-1","Tagawa Greenhouse","https://www.tagawagreenhouse.com"
"https://theorg.com/companies/t-1","Tagaytay Medical Center","https://www.tagaytaymed.com.ph"
"https://theorg.com/companies/t-1","Tagawa Greenhouse Ent., LLC","http://incolorme.com"
"https://theorg.com/companies/t-1","Tag.bio","https://tag.bio/"
"https://theorg.com/companies/t-1","Tagaz","https://www.tagaz.ru"
"https://theorg.com/companies/t-1","Tagbin","https://tagbin.in/"
"https://theorg.com/companies/t-1","Tagfact","https://www.tagfact.com/"
"https://theorg.com/companies/t-1","Tagflix Inc","https://www.tagflix.com"
"https://theorg.com/companies/t-1","TAG Financial Institutions Group","http://tagfingroup.com"
"https://theorg.com/companies/t-1","TAG Financial Services P/L","https://www.tagfinancial.com.au"
"https://theorg.com/companies/t-1","Tagfor","https://tagfor.it/en/"
"https://theorg.com/companies/t-1","TAG - Experi√™ncias Liter√°rias",""
"https://theorg.com/companies/t-1","Tage Rejmes Bil","https://rejmes.se/"
"https://theorg.com/companies/t-1","Tagence","https://www.tagence.com"
"https://theorg.com/companies/t-1","Tages Capital SGR","https://www.tagescapitalsgr.com/"
"https://theorg.com/companies/t-1","TagEnergy","https://tag-en.com/"
"https://theorg.com/companies/t-1","Taggers","http://taggers.com"
"https://theorg.com/companies/t-1","Tagged Resources (Retail and Wholesale - Specialist Recruitment Agency Covering all Areas of the UK)","https://taggedresources.com/"
"https://theorg.com/companies/t-1","Tagg Education","https://www.taggeducation.com/"
"https://theorg.com/companies/t-1","Taggd","https://taggd.in/"
"https://theorg.com/companies/t-1","Tagger","https://www.taggermedia.com"
"https://theorg.com/companies/t-1","Taggart Continuum","https://taggartcontinuum.com/"
"https://theorg.com/companies/t-1","Taggart International, Ltd.","https://www.taggart-intl.com"
"https://theorg.com/companies/t-1","Taggart Group of Companies","https://www.taggartgroup.ca"
"https://theorg.com/companies/t-1","TAGGART / Architects","http://taggarch.com"
"https://theorg.com/companies/t-1","Taggbox","https://taggbox.com"
"https://theorg.com/companies/t-1","Tagga",""
"https://theorg.com/companies/t-1","Tagg","https://www.tagg.id/"
"https://theorg.com/companies/t-1","Tagehus Holding","https://www.tagehus.se"
"https://theorg.com/companies/t-1","Taggable","https://taggable.com"
"https://theorg.com/companies/t-1","Tag Games","https://www.tag-games.com"
"https://theorg.com/companies/t-1","Tage Capital","https://www.tagecapital.com"
"https://theorg.com/companies/t-1","TAG Dynamics (TAG Middle East FZC)","https://www.tagdyn.com"
"https://theorg.com/companies/t-1","Tag Digital","https://www.tagdigital.co.uk"
"https://theorg.com/companies/t-1","TagDev Technologies","https://tagdev.tech"
"https://theorg.com/companies/t-1","TAG Digital Marketing","https://tagdigitalmarketing.com/"
"https://theorg.com/companies/t-1","TagData","https://www.tagdata.co/"
"https://theorg.com/companies/t-1","TAG CXO","https://tagcxo.com"
"https://theorg.com/companies/t-1","TAG Cyber","https://www.tag-cyber.com/"
"https://theorg.com/companies/t-1","TAGCyx Biotechnologies","http://tagcyx.com/en/"
"https://theorg.com/companies/t-1","TAGD","https://www.tagd.xyz"
"https://theorg.com/companies/t-1","TAG Computer Consultants","http://www.tagcomp.com/main.html"
"https://theorg.com/companies/t-1","TAG CORPORATION","https://tagcorporation.net"
"https://theorg.com/companies/t-1","Tag Communication Services","https://www.tagcs.com"
"https://theorg.com/companies/t-1","Tag Collective Arts","https://www.smoke-mirrors.com/"
"https://theorg.com/companies/t-1","TAG Construction Ltd","https://www.tagconstructionltd.co.uk"
"https://theorg.com/companies/t-1","TagBox","http://www.tagbox.in"
"https://theorg.com/companies/t-1","Tagboard","http://tagboard.com"
"https://theorg.com/companies/t-1","Tagcash","http://www.tagcash.com"
"https://theorg.com/companies/t-1","TAGG Industries","https://www.taggind.com/"
"https://theorg.com/companies/t-1","Taggle Systems","https://www.taggle.com.au"
"https://theorg.com/companies/t-1","Tagg-N-Go Car Wash","https://taggngo.com"
"https://theorg.com/companies/t-1","Taggy Mx",""
"https://theorg.com/companies/t-1","TAGGR AB","https://www.taggr.se"
"https://theorg.com/companies/t-1","TAG Group","https://www.taggroup.co"
"https://theorg.com/companies/t-1","Taggr.io","https://taggr.io"
"https://theorg.com/companies/t-1","Taggstar","https://www.taggstar.com"
"https://theorg.com/companies/t-1","TAG Motorsports","https://tagmotorsports.com"
"https://theorg.com/companies/t-1","TAG MultiMedia","https://www.tagmultimedia.net/"
"https://theorg.com/companies/t-1","TAG Medical Products Corporation Ltd.","https://www.tag-med.com"
"https://theorg.com/companies/t-1","tagMonkey","http://www.tagmonkey.io/"
"https://theorg.com/companies/t-1","TAG MedStaffing",""
"https://theorg.com/companies/t-1","TagMaster North America","https://tagmasterna.com/"
"https://theorg.com/companies/t-1","Tagmaster","http://www.tagmaster.se"
"https://theorg.com/companies/t-1","TAG Media","https://www.tag.media"
"https://theorg.com/companies/t-1","Tag Media + Ink, LLC","https://www.tagmediaink.com"
"https://theorg.com/companies/t-1","Tagmatix","http://tagmatix360.com"
"https://theorg.com/companies/t-1","TA Global Bhd","http://taglobal.com.my"
"https://theorg.com/companies/t-1","TAG Live¬Æ","https://www.tag.live"
"https://theorg.com/companies/t-1","Tag Manufacturing Inc.","https://www.tagmfg.us"
"https://theorg.com/companies/t-1","Tagmarshal","https://tagmarshal.com/"
"https://theorg.com/companies/t-1","TagMango","https://tagmango.com/"
"https://theorg.com/companies/t-1","Tagline Constructions","http://tagline.com.au/"
"https://theorg.com/companies/t-1","Taglio","https://www.taglio.com/index.html"
"https://theorg.com/companies/t-1","Tagline Infotech","http://taglineinfotech.com"
"https://theorg.com/companies/t-1","Tagline Media Group","https://taglinegroup.com"
"https://theorg.com/companies/t-1","Taglit-Birthright Israel","https://www.birthrightisrael.com/TRIPS"
"https://theorg.com/companies/t-1","Taglayer","https://taglayer.com"
"https://theorg.com/companies/t-1","Taglet","https://taglet.io"
"https://theorg.com/companies/t-1","TaglerFood","https://www.taglerfood.cl/"
"https://theorg.com/companies/t-1","Taglab",""
"https://theorg.com/companies/t-1","TagleRock","https://www.taglerock.com/"
"https://theorg.com/companies/t-1","TAG-ITI","http://tagiti.com"
"https://theorg.com/companies/t-1","TAG International","https://tagintdev.com/"
"https://theorg.com/companies/t-1","Tagit Solutions","http://www.tagitinc.com"
"https://theorg.com/companies/t-1","Tagkast","http://www.tagkast.com"
"https://theorg.com/companies/t-1","Tagit","https://www.tagitmobile.com"
"https://theorg.com/companies/t-1","TagHub - Smart Management AS","https://www.taghub.net/"
"https://theorg.com/companies/t-1","TAG HR","https://www.taghr.com"
"https://theorg.com/companies/t-1","TAG IMF","https://www.taginfraestrutura.com.br"
"https://theorg.com/companies/t-1","TAGim‚Ñ¢","https://www.tagimtech.com/"
"https://theorg.com/companies/t-1","TAG Immobilien AG","https://www.tag-ag.com/"
"https://theorg.com/companies/t-1","TAG Heuer","https://www.tagheuer.com"
"https://theorg.com/companies/t-1","Taghazout Surf Souls","https://taghazoutsurfsouls.com"
"https://theorg.com/companies/t-1","Taghleef Industries","http://www.ti-films.com/"
"https://theorg.com/companies/t-1","TAG Holdings, LLC","https://taghold.com/"
"https://theorg.com/companies/t-1","TagHive","http://www.tag-hive.com"
"https://theorg.com/companies/t-1","TAGG Industries","https://www.taggind.com/"
"https://theorg.com/companies/t-1","Taggr.io","https://taggr.io"
"https://theorg.com/companies/t-1","TAG Group","https://www.taggroup.co"
"https://theorg.com/companies/t-1","TAGGR AB","https://www.taggr.se"
"https://theorg.com/companies/t-1","Tagg-N-Go Car Wash","https://taggngo.com"
"https://theorg.com/companies/t-1","Taggle Systems","https://www.taggle.com.au"
"https://theorg.com/companies/t-1","TagMango","https://tagmango.com/"
"https://theorg.com/companies/t-1","Tag Manufacturing Inc.","https://www.tagmfg.us"
"https://theorg.com/companies/t-1","TA Global Bhd","http://taglobal.com.my"
"https://theorg.com/companies/t-1","TAG Live¬Æ","https://www.tag.live"
"https://theorg.com/companies/t-1","Taglit-Birthright Israel","https://www.birthrightisrael.com/TRIPS"
"https://theorg.com/companies/t-1","TAGG Industries","https://www.taggind.com/"
"https://theorg.com/companies/t-1","TAGGR AB","https://www.taggr.se"
"https://theorg.com/companies/t-1","Taggr.io","https://taggr.io"
"https://theorg.com/companies/t-1","Tagg-N-Go Car Wash","https://taggngo.com"
"https://theorg.com/companies/t-1","Taggle Systems","https://www.taggle.com.au"
"https://theorg.com/companies/t-1","TAG Group","https://www.taggroup.co"
"https://theorg.com/companies/t-1","Taglio","https://www.taglio.com/index.html"
"https://theorg.com/companies/t-1","Tagline Media Group","https://taglinegroup.com"
"https://theorg.com/companies/t-1","TAG Live¬Æ","https://www.tag.live"
"https://theorg.com/companies/t-1","Tagline Infotech","http://taglineinfotech.com"
"https://theorg.com/companies/t-1","Taglit-Birthright Israel","https://www.birthrightisrael.com/TRIPS"
"https://theorg.com/companies/t-1","Tagline Constructions","http://tagline.com.au/"
"https://theorg.com/companies/t-1","TagleRock","https://www.taglerock.com/"
"https://theorg.com/companies/t-1","Taglayer","https://taglayer.com"
"https://theorg.com/companies/t-1","Taglet","https://taglet.io"
"https://theorg.com/companies/t-1","TaglerFood","https://www.taglerfood.cl/"
"https://theorg.com/companies/t-1","Tagore AB","https://www.tagore.se"
"https://theorg.com/companies/t-1","Taglab",""
"https://theorg.com/companies/t-1","Tagkast","http://www.tagkast.com"
"https://theorg.com/companies/t-1","Tagit","https://www.tagitmobile.com"
"https://theorg.com/companies/t-1","TAG-ITI","http://tagiti.com"
"https://theorg.com/companies/t-1","Tagit Solutions","http://www.tagitinc.com"
"https://theorg.com/companies/t-1","Tagworks Pharmaceuticals","https://www.tagworkspharma.com/"
"https://theorg.com/companies/t-1","TagWizz","https://tagwizz.com"
"https://theorg.com/companies/t-1","Tagwhat","https://www.tagwhat.com"
"https://theorg.com/companies/t-1","Tagwall","https://www.tagwall.com"
"https://theorg.com/companies/t-1","Tagway","https://www.tagwayrfid.com"
"https://theorg.com/companies/t-1","Tagup","https://www.tagup.io/"
"https://theorg.com/companies/t-1","TAG Video Systems","https://www.tagvs.com/"
"https://theorg.com/companies/t-1","Tagvenue","https://www.tagvenue.com"
"https://theorg.com/companies/t-1","TAGWALK","https://www.tag-walk.com/"
"https://theorg.com/companies/t-1","Tagus Labs","https://www.tagus.xyz"
"https://theorg.com/companies/t-1","Taguchi","https://taguchi.com.au/"
"https://theorg.com/companies/t-1","Tague Nutrition","https://taguenutrition.com"
"https://theorg.com/companies/t-1","Tagum Agricultural Development Company, Inc","https://anflocor.com"
"https://theorg.com/companies/t-1","Tague Lumber","https://www.taguelumber.com/"
"https://theorg.com/companies/t-1","Tagueri","https://tagueri.com/en/"
"https://theorg.com/companies/t-1","Tag Tutor","https://www.tagtutor.com/"
"https://theorg.com/companies/t-1","tagtu | Maximize the value of travel","https://tagtu.com/early-access/"
"https://theorg.com/companies/t-1","TAG - Transportadora Associada de G√°s","https://ntag.com.br/"
"https://theorg.com/companies/t-1","Tagua Gunleather","https://taguagunleather.com/"
"https://theorg.com/companies/t-1","TAG Truck Center","https://www.tntxtruck.com/"
"https://theorg.com/companies/t-1","TAG: The Ashley Group","https://www.theashley.group"
"https://theorg.com/companies/t-1","Tahmo, Inc.","http://tahmo.io/"
"https://theorg.com/companies/t-1","TAG - The Aspen Group","https://www.teamtag.com/"
"https://theorg.com/companies/t-1","TAGTIME USA / ASIA","https://www.tagtimeusa.com"
"https://theorg.com/companies/t-1","TAG (The Armored Group)","https://www.armoredcars.com/"
"https://theorg.com/companies/t-1","Tag Team Global","http://www.tagteamglobal.com"
